INSERT INTO ACCOUNT 
(ID, NAME, EMAIL, PASSWORD)
VALUES
(UUID '0c8886bc-04c7-48f9-8c72-aa9e7c7ec166', 'Artur', 'artur@gmail.com', '$2a$10$zsAd8uhIJ18jGkLrj19pvOnnxL4Shcua8dI6bDhRlUSQuCq6RZj5W'),
(UUID 'ee1cb132-e218-4379-a4b7-6b0f67fc7100', 'Eric', 'eric@gmail.com', '$2a$10$lyRUbsMGqIXS7XM7DVmzyez6MhqYxtzcHccWvyZTlK5rTODTQwRvm'),
(UUID 'de02160f-ba95-434f-8237-41031a546779', 'Pedro', 'pedro@gmail.com', '$2a$10$Q473GPs6c5XFsWEcr5.6BeD6qGuAe.aQg8jdQ4rrxmdwnT.n7bdkm'),
(UUID '351242d8-6162-4136-8819-fe1658df808a', 'Marcel', 'marcel@gmail.com', '$2a$10$Dee.LjzkNHkEr8Gh5MPRT.7va0dYC/DGZy0TW82PFOoDGwxKQau3K');

INSERT INTO TEAM 
(ID, CODE, DESCRIPTION, TITLE)
VALUES
(UUID '6adb4645-88f8-4a85-a2ea-e6edc6f20002', NULL, 'Quem sabe um dia a gente termina.', 'WEB II'),
(UUID 'dc697b42-a087-4ca4-a21f-d4666f554e7b', 'RIBjeyMz', 'Testando 1  2 3', 'Teste');

INSERT INTO PARTICIPATION 
(ROLE, ACCOUNT_ID, TEAM_ID)
VALUES
('OWNER', UUID 'de02160f-ba95-434f-8237-41031a546779', UUID '6adb4645-88f8-4a85-a2ea-e6edc6f20002'),
('ADMIN', UUID 'ee1cb132-e218-4379-a4b7-6b0f67fc7100', UUID '6adb4645-88f8-4a85-a2ea-e6edc6f20002'),
('MEMBER', UUID '0c8886bc-04c7-48f9-8c72-aa9e7c7ec166', UUID '6adb4645-88f8-4a85-a2ea-e6edc6f20002'),
('MEMBER', UUID '351242d8-6162-4136-8819-fe1658df808a', UUID '6adb4645-88f8-4a85-a2ea-e6edc6f20002'),
('OWNER', UUID '351242d8-6162-4136-8819-fe1658df808a', UUID 'dc697b42-a087-4ca4-a21f-d4666f554e7b'),
('MEMBER', UUID 'ee1cb132-e218-4379-a4b7-6b0f67fc7100', UUID 'dc697b42-a087-4ca4-a21f-d4666f554e7b');

INSERT INTO PROJECT 
(ID, DESCRIPTION, INDEX, TITLE, TEAM_ID)
VALUES
(1, U&'De onde ser\00e1 que surgiu a ideia do nome?', 1, 'Cardeasy', UUID '6adb4645-88f8-4a85-a2ea-e6edc6f20002'),
(52, 'teste', 1, 'dasds', UUID 'dc697b42-a087-4ca4-a21f-d4666f554e7b');

INSERT INTO STAGE 
(ID, DESCRIPTION, EXPECTED_END_IN, EXPECTED_START_IN, NAME, STATE, PROJECT_ID)
VALUES
(1, 'A melhor das fazes.', DATE '2025-11-01', DATE '2025-10-01', 'Planejamento', 'STARTED', 1),
(2, 'A pior das fazes.', DATE '2025-11-02', DATE '2025-12-01', U&'Implementa\00e7\00e3o', 'PLANNED', 1),
(204, 'asdasd', NULL, DATE '2025-10-20', 'dasd', 'PLANNED', 52),
(205, 'vxc', NULL, DATE '2025-10-22', 'cvxc', 'STARTED', 52),
(206, 'asdas', NULL, DATE '2025-10-25', 'das', 'PLANNED', 52),
(207, 'zxczx', DATE '2025-10-31', DATE '2025-10-28', 'xzczxc', 'PLANNED', 52);

INSERT INTO BUDGET 
(ID, CURRENCY, DEADLINE, MAX_VALUE, MIN_VALUE, PROJECT_ID)
VALUES
(1, 'BRL', DATE '2025-12-01', 10000.0, 2000.0, 1),
(3402, 'BRL', DATE '2025-10-31', 100.0, 0.0, 52);

INSERT INTO CARD_LIST
(ID, INDEX, TITLE, PROJECT_ID) 
VALUES
(1, 1, 'A fazer', 1),
(2, 2, 'Em andamento', 1),
(3, 3, U&'Conclu\00eddo', 1);

INSERT INTO CARD 
(ID, DESCRIPTION, INDEX, TITLE, LIST_ID)
VALUES
(1, 'Boa sorte.', 1, 'Figma', 3),
(2, U&'\00c9 precisso.', 1, U&'Diagrama\00e7\00e3o', 2),
(3, U&'Faltou n\00e9.', 2, U&'Avalia\00e7\00e3o dos esbo\00e7os', 2),
(4, U&'Algu\00e9m precisa fazer!', 1, 'Backend', 1),
(5, U&'Algu\00e9m n\00e9?', 2, 'Banco de dados', 1),
(6, U&'Algu\00e9m...', 3, 'Frontend', 1);

INSERT INTO TAG 
(ID, CONTENT, PROJECT_ID) 
VALUES
(1, 'Importante', 1),
(2, 'Prioridade', 52);

INSERT INTO ASSIGNMENTS
(CARD_ID, ACCOUNT_ID, TEAM_ID) 
VALUES
(2, UUID '0c8886bc-04c7-48f9-8c72-aa9e7c7ec166', UUID '6adb4645-88f8-4a85-a2ea-e6edc6f20002');

ALTER TABLE BUDGET ALTER COLUMN ID RESTART WITH (SELECT MAX(ID) FROM BUDGET) + 1;
ALTER TABLE CARD ALTER COLUMN ID RESTART WITH (SELECT MAX(ID) FROM CARD) + 1;
ALTER TABLE CARD_LIST ALTER COLUMN ID RESTART WITH (SELECT MAX(ID) FROM CARD_LIST) + 1;
ALTER TABLE PROJECT ALTER COLUMN ID RESTART WITH (SELECT MAX(ID) FROM PROJECT) + 1;
ALTER TABLE STAGE ALTER COLUMN ID RESTART WITH (SELECT MAX(ID) FROM STAGE) + 1;
ALTER TABLE TAG ALTER COLUMN ID RESTART WITH (SELECT MAX(ID) FROM TAG) + 1;
